Expedia CruiseShipCenters,Kelowna,BC
Imagine Cruise & Travel,Nanaimo,BC
Bahamas Travel,Creston,BC
Maritime Travel,Cranbrook,BC
Travel Masters Kelowna,Kelowna,BC
New Westminster,New Westminster,BC
Expedia CruiseshipCenters,Vancouver,BC
Marlin Travel (West Georgia),Vancouver,BC
Expedia CruiseShipCenters,North Vancouver,BC
Uniglobe Sunburst Travel Limited,Prince George,BC
Maritime Travel,Salmon Arm,BC
Transat Travel,Maple Ridge,BC
Expedia Cruiseshipcenters  Lynn Valley,North Vancouver,BC
North Shore Venture Travel,North Vancouver,BC
Da Vinci International Travel,Vancouver,BC
Flight Centre  Lonsdale,North Vancouver,BC
SellOffVacations,Surrey,BC
Transat Travel,White Rock,BC
Expedia Cruise Ship Centers,Duncan,BC
Uniglobe Direct Travel Ltd.,Kelowna,BC
Uniglobe LGI Travel,Courtenay,BC
Around The World Travel,Nanaimo,BC
Dargal Interline Worldwide,Kelowna,BC
Flight Centre  Hillside,Victoria,BC
Flight Centre  Commercial,Vancouver,BC
Flight Centre  Westside Village,Victoria,BC
Prime Travel,West Vancouver,BC
GT Holidays Inc.,North Vancouver,BC
Departures Travel,Victoria,BC
Maritime Travel,Kelowna,BC
Flight Centre  Willowbrook,Langley,BC
Transat Travel  Park Royal,West  Vancouver,BC
Maritime Travel,Penticton,BC
Travel Best Bets,Langley,BC
Marlin Travel,Langley,BC
Expedia CruiseShipCenters,Langley,BC
K. Banks Travel,Penticton,BC
SellOffVacations.com,Abbotsford,BC
Flight Centre  Penticton,Penticton,BC
Maritime Travel,Port Moody,BC
Flight Centre  West 4th,Vancouver,BC
Wishbook Vacations and Tours,Penticton,BC
Travel by Design,VANCOUVER,BC
Murrayville Travel,Langley,BC
Flight Centre  Kerrisdale,Vancouver,BC
Flight Centre  Maple Ridge,Maple Ridge,BC
Cruise Holidays of Port Coquitlam,Port Coquitlam,BC
Expedia CruiseShipCenters,Sidney,BC
Marlin Travel,Kamloops,BC
Expedia CruiseShipCenters West Vancouver,West Vancouver,BC
Marlin Travel,Sidney,BC
Flight Centres,Westbank,BC
Elan Travel,Kitimat,BC
Travel Masters,Vancouver,BC
Marlin Travel,Aldergrove,BC
Travel Best Bets,Vancouver,BC
Hartford Travel,Penticton,BC
Flight Centre  Coquitlam,Coquitlam,BC
Transat Travel,Coquitlam,BC
Horizon Travel,West Kelowna,BC
Vision Travel Solutions,Vernon,BC
Travel Best Bets,Burnaby,BC
Flight Centre  Mayfair,Victoria,BC
Vacations Kelowna,Kelowna,BC
Marlin Travel,Nanaimo,BC
Maritime Travel,Abbotsford,BC
Ocean Breeze Cruise & Travel,Abbotsford,BC
Transat Travel,Abbotsford,BC
Maritime Travel,Victoria,BC
Maritime Travel,Victoria,BC
Marlin Travel,Ladysmith,BC
North South Travel & Tours Ltd,Vancouver,BC
Flight Centre  Saanich,Victoria,BC
Maritime Travel,Burnaby,BC
Escapes.ca,Vancouver,BC
ï»¿Vision Travel Solutions,Victoria,BC
Tier One Travel,Victoria,BC
Flight Centre,Chilliwack,BC
Travel Wise,Kamloops,BC
Expedia CruiseShipCenters,Burnaby,BC
Jackson Tours,Chilliwack,BC
Tri Star Travel and Cruise,Kelowna,BC
Sampaguita Travel,Vancouver,BC
Flight Centre  Woodgrove,Nanaimo,BC
Flight Centre  Village Green,Vernon,BC
Transat Travel  48th Ave,Delta,BC
Maritime Travel,West  Vancouver,BC
Travel Masters,Sechelt,BC
Expedia CruiseShipCenters Kerrisdale,Vancouver,BC
Flight Centre,Richmond,BC
Maritime Travel,New Westminster,BC
Flight Centre  Broughton St,Victoria,BC
Glacier Travel,Nelson,BC
Maritime,Langley,BC
Expedia CruiseShipCenters,New Westminster,BC
Bon Voyage Travel Ltd.,Delta,BC
Bains Travel,Vancouver,BC
Transat Travel,Richmond,BC
Maritime Travel,Nanaimo,BC
Vision Travel,Richmond,BC
Expedia CruiseShipCenters,Nanaimo,BC
Marlin Travel,Delta,BC
Flight Centre  Courtenay,Courtenay,BC
Osoyoos Travel Ltd,Osoyoos,BC
Elite Travel Ltd.,Gibsons,BC
Expedia CruiseShipCenters,Richmond,BC
Lakeside Travel Ltd.,Osoyoos,BC
Expedia CruiseShipCenters,Prince George,BC
Personal Travel Management Ltd,Burnaby,BC
Walnut Grove Cruise & Travel,Langley,BC
Cruise Encounters,Langley,BC
Forbes Travel International,Vancouver,BC
Uniglobe Direct Travel Ltd.,Cranbrook,BC
Marlin Travel,Duncan,BC
Rainbow Country Travel and Tours,Chilliwack,BC
Marlin Travel (Hornby),Vancouver,BC
Marlin Travel (Lougheed Mall),Burnaby,BC
Wings Travel,Kitimat,BC
Maritime Travel,Kamloops,BC
Flight Centre  Orchard Park,Kelowna,BC
Flight Centre,Surrey,BC
Flight Centre  Surrey,,BC
Maritime Travel,Surrey,BC
Maritime Travel,White Rock,BC